ref_cat,x_coord,y_coord
9181816DF1798A,2.03208686019256,41.3483700261146
9181817DF1798A,2.03207415918252,41.3484124348136
9181819DF1798A,2.03202350046986,41.3486690835158
0069801DF2706G,2.04333185857956,41.3383244501357
0069802DF2706G,2.04338172801418,41.3382814483015
0069803DF2706G,2.04341016511771,41.3382574543751
0069804DF2706G,2.04348190467652,41.3381818468113
0069805DF2706G,2.04355614393413,41.3381150873707
0069806DF2706G,2.04361499876674,41.3380542350908
0069807DF2706G,2.04367194636542,41.3380012034967
0069808DF2706G,2.04375161277305,41.337931066157
0069809DF2706G,2.0438276452803,41.3378642313616
0069810DF2706G,2.04391013755646,41.3377888029354
0069812DF2706G,2.04368182201862,41.3376365700026
0069815DF2706G,2.04342616908097,41.3374741110188
0069816DF2706G,2.04313749455022,41.3372978655986
0069817DF2706G,2.04309794176628,41.337321947191
0069818DF2706G,2.04300954458184,41.3373843550709
0069819DF2706G,2.04291898882846,41.3374390885159
0069821DF2706G,2.04281027995303,41.337509253964
0069822DF2706G,2.04276773366316,41.3375418677132
0069823DF2706G,2.04270245458436,41.3376006844667
0069825DF1796H,2.04246079460722,41.3377559458233
0069827DF1796H,2.0427638968808,41.3379589752687
0069831DF1796H,2.04304808980407,41.3381394178928
0069832DF1796H,2.04308710295867,41.3381685664308
0070901DF2707A,2.04351189182183,41.3396120437744
0070903DF2707A,2.04366635594603,41.3394617304777
0070904DF2707A,2.04397559169754,41.339197135978
0070905DF2707A,2.04415731108436,41.3390054335578
0070906DF2707A,2.04403168636753,41.3389327801328
0070907DF2707A,2.04396468336203,41.3388888071811
0070908DF2707A,,
0070910DF2706G,2.04315887847782,41.3386947534771
0070911DF2707A,2.0430779711308,41.3387597457746
0070912DF2707A,2.04300542871629,41.338824807573
0070918DF2707A,2.04283044887991,41.3392661632751
0070919DF2707A,2.04296493508437,41.3392396285622
0070920DF2707A,2.04293354891587,41.3393343971439
0070921DF2707A,2.04301530187821,41.3393749804033
0070922DF2707A,2.043082164974,41.3394285007371
0070923DF2707A,2.043123378727,41.3394543347649
0070924DF2707A,2.04318220110975,41.3394856296279
0071402DF2707A,2.04366551369488,41.3406221652544
0071403DF2707A,2.04394314353152,41.3402553428797
0071404DF2707A,2.04378292326369,41.3401617745158
0071405DF2707A,2.04363817446539,41.3399910497783
0071407DF2707A,2.0433197696985,41.3400406471316
0071409DF2707A,2.04313111465722,41.3402158967887
0071410DF2707A,2.0430746312878,41.3402615457646
0166601DF2706G,2.0447654768093,41.3370051329735
0166603DF2706G,2.04488081270997,41.3368983599423
0166604DF2706G,2.04495325529141,41.3368316747433
0166605DF2706G,2.04499098615003,41.3367931653125
0166608DF2706G,2.04514870823535,41.3366563882874
0166609DF2706G,2.04517170690907,41.3366037047888
0166610DF2706G,2.0452710947373,41.3365413864076
0166611DF2706E,2.04530087962864,41.3363758945873
0166612DF2706E,2.04524609201372,41.3363303122642
0166613DF2706E,2.04518480409302,41.3362961155732
0166614DF2706E,2.04511407489152,41.3362537337204
0166616DF2706E,2.04474986287626,41.3362252198851
0166618DF2706E,2.04467453755527,41.3363583567472
0166619DF2706E,2.04450881849734,41.336371753391
0166620DF2706E,2.04446067323338,41.3364032403858
0166621DF2706G,2.04440180053605,41.3364409435721
0166622DF2706G,2.0443350630344,41.336485247006
0166623DF2706G,2.04426274398658,41.3365434657493
0166624DF2706G,2.04429695170085,41.3366805744839
0166625DF2706G,2.04435793112705,41.336744043616
0166626DF2706G,2.04441917396281,41.3367894998059
0166627DF2706G,2.04448684635934,41.3368284338347
0168202DF2706G,2.04410690934815,41.3376136193235
0168204DF2706G,2.04421320465841,41.3375122664912
0168205DF2706G,2.0444489628351,41.3373025468464
0168206DF2706G,2.04458790339129,41.3371753428168
0168207DF2706G,2.04467083900597,41.3371021693995
0168209DF2706G,2.04452506850358,41.3370179997559
0168210DF2706G,2.04439645078691,41.3369377555242
0168211DF2706G,2.04430875993509,41.336878388226
0168212DF2706G,2.0442220459674,41.3368257846348
0168213DF2706G,2.04414701886999,41.3367830962717
0168215DF2706G,2.04394007374674,41.3367551653379
0168217DF2706G,2.04381231389629,41.3368369733704
0168219DF2706G,2.04369981032192,41.3369134134264
0168220DF2706G,2.04362349226475,41.3369589879649
0168221DF2706G,2.04357873516339,41.3369957271188
0168222DF2706G,2.04350303508483,41.3370480623727
0168223DF2706G,2.04329956185881,41.3371830155999
0168225DF2706G,2.04343513773874,41.3372777309623
0168226DF2706G,2.04356152042702,41.3373473287826
0168227DF2706G,2.04365737389093,41.3373797418338
0168228DF2706G,2.04368940719817,41.3374121649622
0168229DF2706G,2.04373050136983,41.3374461045775
0168230DF2706G,2.04378151926273,41.3374797663299
0168232DF2706G,2.04431903844481,41.3374179356125
0168501DF2706G,2.04501086600673,41.3382630017076
0168502DF2706G,2.04507115078536,41.3382105375652
0168503DF2706G,2.0451283848161,41.3381623717008
0168505DF2706G,2.04524661013862,41.3380460743015
0168508DF2706G,2.04535522883813,41.3379410465996
0168509DF2706G,2.04539443452134,41.3379161506743
0168510DF2706G,,
0168511DF2706G,,
0168513DF2706G,2.04552516888134,41.3376388117191
0168514DF2706G,2.04522859479517,41.3375529417956
0168515DF2706G,2.04517641099621,41.3374272138747
0168516DF2706G,2.04506743396857,41.3373522676455
0168517DF2706G,2.04478981040495,41.3371964751107
0168518DF2706G,2.0446497241753,41.3373121402132
0168519DF2706G,2.0445545125172,41.3373911566784
0168520DF2706G,2.04449593311493,41.3374659734344
0168521DF2706G,2.04445306867925,41.3374958829036
0168523DF2706G,2.04434495494478,41.3375990223684
0168525DF2706G,2.0442465364382,41.3376929644717
0168526DF2706G,2.04425492648355,41.3377894148987
0168527DF2706G,2.04431111631256,41.3378208674796
0168528DF2806G,,
0168529DF2906G,,
0168530DF3006G,,
0168532DF3206G,,
0168533DF3306G,,
0168535DF3506G,,
0169201DF2707A,2.04427968833504,41.3389160141445
0169203DF2707A,2.04440139888675,41.3388067724636
0169205DF2707A,2.04450173587103,41.3387206827418
0169206DF2706G,2.04453291207469,41.3386973418086
0169207DF2706G,2.04458794674063,41.3386279902275
0169208DF2706G,2.04467377303748,41.3385615964875
0169209DF2706G,2.04459794786984,41.3384425178123
0169211DF2706G,2.04482022782661,41.3384192318326
0169212DF2706G,2.04486747343942,41.3383921509324
0169213DF2706G,2.04468243264987,41.3382716253922
0169214DF2706G,2.04458871078629,41.3382159013467
0169215DF2706G,2.04448230583701,41.3381366523022
0169216DF2706G,2.04444271928274,41.3381139849079
0169219DF2706G,2.044316761453,41.3380315107953
0169220DF2706G,2.04426340388735,41.338002513776
0169221DF2706G,2.04421675317224,41.3379643847347
0169222DF2706G,2.04403820685188,41.3378821040889
0169223DF2707A,2.04393304075362,41.3379960766967
0169225DF2706G,2.04379488717415,41.3381346359571
0169226DF2706G,2.04372558189842,41.3381990945877
0169228DF2706G,2.04362876242154,41.3382653061944
0169231DF2706G,2.04369604970049,41.3385512243801
0169234DF2707A,2.04392884302365,41.3386916945839
0169235DF2707A,2.04409901341776,41.3387993071006
0170601DF2707A,2.04505934645383,41.3394113255757
0170602DF2707A,2.04525219106766,41.3392351166414
0170607DF2707A,2.04471825307243,41.3387810292145
0170609DF2707A,2.04454611303671,41.3389389436933
0170611DF2707A,2.04455982261108,41.3390966895475
0170612DF2707A,2.04463058739487,41.3391368201365
0170613DF2707A,2.04469368965732,41.3391778779067
0170614DF2707A,2.04474605681518,41.3392092985398
0170615DF2707A,2.04483069016,41.3392654874731
0170616DF2707A,2.0449239225535,41.3393221080081
0171101DF2707A,2.04420375745538,41.3401447331691
0171102DF2707A,2.04445250834942,41.3399217002996
0171104DF2707A,2.04469771321032,41.3397367393555
0171105DF2707A,2.04480602688607,41.3396364836776
0171106DF2707A,2.04486648657228,41.3395803280169
0171107DF2707A,2.0449204022128,41.339530333221
0171108DF2707A,2.04485162539222,41.3394359038181
0171109DF2707A,2.0447782561017,41.3393940403149
0171110DF2707A,2.04472575216937,41.3393637895425
0171111DF2707A,2.04462061206655,41.3392959907168
0171112DF2707A,2.0445739217706,41.3392686705508
0171113DF2707A,2.04450309925231,41.3392243059023
0171114DF2707A,2.04424448943514,41.3392063052272
0171115DF2707A,2.04416988452048,41.3392735124385
0171116DF2707A,2.04412981962534,41.3393080388737
0171117DF2707A,2.04404204910447,41.3393846846465
0171120DF2707A,2.04383099480576,41.3395799263164
0171122DF2707A,2.04377152583541,41.3396336576258
0171123DF2707A,2.04371677535425,41.3396834647921
0171126DF2707A,2.0436253550948,41.3397726003981
0171602DF2707A,2.04546566582423,41.3401915069603
0171603DF2707A,2.0455540832884,41.3401114426094
0171604DF2707A,2.04560632448827,41.3400615236851
0171605DF2707A,2.04562135553429,41.3399324801573
0171606DF2707A,2.04553701751539,41.3398723309381
0171607DF2707A,2.04548852861243,41.3398453565289
0171610DF2707A,2.0452201652077,41.3396766710091
0171612DF2707A,2.04469825017992,41.339978055909
0171613DF2707A,2.04458961147955,41.3400759668183
0171614DF2707A,2.04439300203041,41.3402723202416
0171616DF2707A,2.04509204446236,41.3395947202657
0172208DF2707A,2.04435580500463,41.3407074359815
0172212DF2707C,2.04322395303156,41.3412547878527
0172213DF2707C,2.04316796350945,41.3413074668519
0172216DF2707C,2.04302922656402,41.3414362920998
0172217DF2707C,2.04287952333909,41.3416936536504
0268101DF2706G,2.04534990527851,41.3373562324689
0268103DF2706G,2.04554070830214,41.3365335342758
0268104DF2706G,2.04542744160427,41.3366133024954
0269901DF2706G,2.04576531440485,41.3387248613657
0269902DF2706G,2.04608240501055,41.3383961925393
0269903DF2706G,2.04560471033472,41.3380109426164
0269904DF2706G,2.04522002455479,41.3383688643592
0273302DF2707C,2.0451013996381,41.3414333274602
0273305DF2707C,2.04533420166244,41.341214033646
0273306DF2707C,2.04488934816179,41.3411403539746
0273307DF2707C,2.04487377334738,41.3412574128328
0273308DF2707C,2.04471977042327,41.341392418709
0273310DF2707C,2.04474807888409,41.3417126015467
0273311DF2707C,2.0447892473476,41.3417416773118
0273902DF2707C,2.04591429543579,41.3417747897292
0273903DF2707C,2.0458545288774,41.3415295593307
0273904DF2707C,2.04550018345566,41.3415190546322
0273908DF2707C,2.04527225080528,41.3417240671752
0273909DF2707C,2.0452010336185,41.3417883306377
0273910DF2707C,2.04513233383143,41.3418520744898
0273911DF2707C,2.04534788054169,41.3420941838908
0274102DF2707C,2.04536584199546,41.3425420076315
0274105DF2707C,2.04508966947084,41.3421953581623
0274106DF2707C,2.04497036173154,41.3420988882169
0274107DF2707C,2.04493815387742,41.3420536733076
0274109DF2707C,2.04493217567881,41.3422337745016
0274110DF2707C,2.04493415588307,41.3423272892013
0277402DF2707A,2.04607634954122,41.3396383729423
0277404DF2707A,2.04626198123488,41.3394648948693
0277405DF2707A,2.04607392738806,41.3391409562362
0277406DF2707A,2.04594307908014,41.3390575426173
0277407DF2707A,2.04561050416592,41.339120360029
0277408DF2707A,2.04550682571658,41.3392143496402
0277410DF2707A,2.0452041406047,41.3394972879318
0277411DF2707A,2.04532599079227,41.339574862914
0277412DF2707A,2.04536981881758,41.3396017987305
0277416DF2707A,2.04564248179522,41.3397706997093
0369302DF2706G,2.04634268853494,41.3384959013945
0369304DF2706G,2.04601144477642,41.3388444503664
8488403DF1788D,2.02903693997658,41.3512599788005
8488404DF1788D,2.02894277601756,41.3510808353505
8488405DF1788D,2.02877212514443,41.3509970665004
8488406DF1788D,2.02856616653318,41.3509002086744
8881601DF1788B,2.02954901666177,41.3493702864582
8881602DF1788B,2.02963179602755,41.3492212794411
8881603DF1788B,2.02966737834014,41.3490307100265
8881604DF1788B,2.02970836437046,41.3488626148924
8881605DF1788B,2.02975078458969,41.3487186719974
8881606DF1788B,2.02966698174018,41.3487193165494
8881607DF1788B,2.02954844253056,41.3487086789399
8881608DF1788B,2.02945321670728,41.3487058041485
8881609DF1788B,2.02927318285164,41.3486666342129
8881610DF1788B,2.02906369893122,41.3486465817075
8881611DF1788B,2.028913077797,41.3486069387589
8881612DF1788B,2.02888484030008,41.3487374897392
8881613DF1788B,2.02881824082738,41.3490283211331
8881614DF1788B,2.02877774216307,41.349243889704
8881615DF1788B,2.02886441857049,41.3492510165214
8881616DF1788B,2.02894250830105,41.3492568097653
8881619DF1788B,2.02922098520986,41.349323833266
8881620DF1788B,2.02944869552238,41.3493562894383
8882601DF1788D,2.02940621205154,41.3501240927341
8882602DF1788D,2.02940903725421,41.3500948421129
8882603DF1788D,2.02944004211827,41.3499871934809
8882604DF1788D,2.02946105719912,41.3499324248251
8882605DF1788D,2.02946877998952,41.3498792554938
8882606DF1788D,2.02948617279351,41.3498188716192
8882610DF1788B,2.0294821401356,41.3494787135198
8882611DF1788B,2.02938340074242,41.3494869783662
8882613DF1788B,2.02920829633052,41.3494537948708
8882614DF1788B,2.02913838456423,41.3494446479408
8882616DF1788B,2.02899801743539,41.3494307630532
8882617DF1788B,2.0288963963312,41.3494157637558
8882618DF1788B,2.02881088277827,41.3494108085814
8882619DF1788B,2.0287213097738,41.3493814086925
8882621DF1788B,2.02866835549439,41.3496387570678
8882625DF1788D,2.02859929463596,41.3499181279565
8882626DF1788D,2.02858092241525,41.3499880514006
8882627DF1788D,2.02870276783826,41.3500659140347
8882628DF1788D,2.02875852007107,41.3500707081926
8882629DF1788D,2.02881518297221,41.3500785725666
8882630DF1788D,2.02889948384408,41.3500927952546
8882632DF1788D,2.02906673976665,41.3501152841256
8882633DF1788D,2.02915917489787,41.3501291248762
8883801DF1788D,2.02848393673103,41.3503848247171
8883802DF1788D,2.02932784269625,41.3504669786422
8883803DF1788D,2.02936812769949,41.350289870239
8883805DF1788D,2.02918743751467,41.3502624044125
8883806DF1788D,2.02910209855447,41.3502536677659
8883901DF1788D,2.02895996404041,41.3509377607955
8883902DF1788D,2.02877117377603,41.3508439306075
8883903DF1788D,2.02845725121255,41.3507324699249
8884304DF1788D,2.02905024222792,41.3520460872631
8884305DF1788D,2.02896469724454,41.3519384462054
8884306DF1788D,2.0289187045811,41.3518881564496
8884601DF1788D,2.02919605487175,41.3519754374217
8884602DF1788D,2.02914562669293,41.3519098876296
8884605DF1788D,2.02901338852332,41.3514451548647
8884606DF1788D,2.0289262112735,41.3514715319053
8885603DF1788F,2.02852429075332,41.3527599981142
8978401DF1787H,2.0300623647701,41.3464908547151
8978402DF1787H,2.02951790507381,41.3461367724649
8978403DF1787H,2.02946823109035,41.3463104690861
8979301DF1787H,2.02996972096982,41.3478201253694
8979302DF1787H,2.03003382632456,41.3475197242331
8979303DF1787H,2.03005777239684,41.3474767800067
8979305DF1787H,2.02975894051312,41.3471388206477
8979306DF1787H,,
8979307DF1787H,,
8979309DF1787H,,
8979310DF1787H,,
8979311DF1787H,,
8979312DF1787H,,
8979313DF1787H,,
8979314DF1787H,,
8979504DF1787H,,
8979702DF1787H,,
8979703DF1787H,,
8980301DF1788B,,
8980302DF1788B,,
8980304DF1788B,,
8980305DF1788B,,
8980306DF1788B,,
8980307DF1788B,,
8980308DF1788B,,
8980312DF1788B,,
8980313DF1788B,,
8980315DF1788B,,
8980316DF1788B,,
8980317DF1788B,,
8980319DF1788B,,
8980501DF1798A,,
8980502DF1798A,,
8980503DF1798A,,
8980504DF1798A,,
8980506DF1798A,,
8980508DF1798A,,
8980509DF1798A,,
8980510DF1798A,,
8980512DF1798A,,
8980513DF1798A,,
8980514DF1788B,,
8980515DF1788B,,
8980516DF1788B,,
8980517DF1788B,,
8980518DF1788B,,
8980519DF1788B,,
8980520DF1788B,,
8980521DF1788B,,
8980522DF1788B,,
8980523DF1788B,,
8980524DF1788B,,
8981501DF1798A,,
8981503DF1798A,,
8981504DF1798A,,
8981505DF1798A,,
8981506DF1798A,,
8981507DF1788B,,
8981508DF1788B,,
8981511DF1788B,,
8981512DF1788B,,
8981513DF1788B,,
8981514DF1788B,,
8981515DF1788B,,
8981516DF1788B,,
8981517DF1788B,,
8982501DF1788D,2.03057485843958,41.3500396345095
8982502DF1788D,2.03063064000267,41.3498813017572
8982504DF1788B,2.03068702599292,41.3497627873194
8982505DF1788B,2.03069673324498,41.3496482933786
8982506DF1788B,2.03048191878781,41.3496166689207
8982507DF1788B,2.03039701254025,41.3496029827426
8982508DF1788B,2.03035555092029,41.3496018227244
8982509DF1788B,2.03024936738597,41.3495881373072
8982510DF1788B,2.03014693047296,41.3495716910349
8982511DF1788B,2.03008335569938,41.3495624179338
8982512DF1788B,2.02999743061194,41.3495529564103
8982513DF1788B,2.02990653248737,41.3495403002681
8982514DF1788B,2.02976915833208,41.3495260812497
8982515DF1788B,2.02967031355855,41.3497426894759
8982516DF1788D,2.02964365947717,41.3498149752948
8982517DF1788D,2.02962758496779,41.3499314871796
8982518DF1788D,2.02959602890606,41.3500682255153
8982519DF1788D,2.02957181586061,41.3501371090383
8982520DF1788D,2.02973884630728,41.3501989579065
8982522DF1788D,2.02993468239848,41.3502288024217
8982523DF1788D,2.03002557346266,41.3502419989345
8983801DF1788D,2.03051601958456,41.3504442972254
8983802DF1788D,2.03017919675346,41.3504018260807
8983803DF1788D,2.03008235606982,41.3503867780399
8983806DF1788D,2.02953641318063,41.3503155197448
8983807DF1788D,2.02951642069936,41.3503819167384
9068203DF1796G,2.03080542519919,41.3369669616693
9068205DF1796G,2.03129612991359,41.3370404511552
9077901DF1797G,2.03196032989334,41.3457437176848
9077906DF1797E,2.03160291415741,41.3454469750723
9077907DF1797E,2.03145496290705,41.3455259870895
9077908DF1797E,2.03140927201655,41.3455038943916
9077909DF1797E,2.03135526329533,41.3454784889538
9077910DF1797E,2.03130298323529,41.3454574216562
9077924DF1797E,2.03191034152575,41.3457212287353
9077926DF1797E,2.03214956692206,41.345225574812
9078802DF1797G,2.03139647413677,41.3459641615462
9078803DF1797G,2.03135345632086,41.3459391188405
9078806DF1797G,2.03113431296564,41.3458213471878
9078808DF1797G,2.03096987011798,41.3458194221871
9079601DF1797G,2.03210477294001,41.3473139541291
9079604DF1797G,2.03149705326357,41.3472347993933
9079605DF1797G,2.03156565290552,41.3467354588714
9079607DF1797G,2.03143864911793,41.3472235889014
9079608DF1797G,2.03182152653381,41.347278784123
9079609DF1797G,2.03199008170189,41.3473019101971
9080702DF1798A,2.03199747496323,41.3479406060877
9080704DF1798A,2.03201590412208,41.3478100618841
9080705DF1798A,2.03203588365334,41.3477281713629
9080709DF1797G,2.03180700327227,41.3474199900503
9080713DF1798A,2.03124376962799,41.3477103367084
9080714DF1798A,2.03122489026463,41.347838895341
9080716DF1798A,2.03137520995463,41.3480117540519
9080717DF1798A,2.03146454319073,41.348025026389
9081401DF1798A,2.03167203965625,41.3496553331411
9081402DF1798A,2.03169764034946,41.3495007092072
9081403DF1798A,2.03171263257837,41.3494408452393
9081404DF1798A,2.03172172750455,41.3493756172097
9081405DF1798A,2.03173460568486,41.3493132133431
9081407DF1798A,2.03179623181617,41.348994144847
9081408DF1798A,2.03156885737493,41.3489632274249
9081409DF1798A,2.03151135783138,41.348963464139
9081410DF1798A,2.03134697437476,41.3489328061527
9081411DF1798A,2.03122840109184,41.3489244218673
9081413DF1798A,2.03090540601113,41.3495379071363
9081414DF1798A,2.03100777829242,41.3495667825729
9081419DF1798A,2.03129482539817,41.3496042384665
9081420DF1798A,2.03136787723972,41.3496112487115
9082401DF1798C,2.03145909478166,41.3504330522402
9082402DF1798C,2.03150611998501,41.3503653511324
9082404DF1798C,2.03154985565103,41.3502615021529
9082405DF1798C,2.03156628963144,41.3501769697313
9082406DF1798C,2.03157788676445,41.3501123032301
9082407DF1798C,2.03159827822167,41.3500269033522
9082411DF1798A,2.03163331334346,41.3497841751735
9082413DF1798A,2.03132175672221,41.3497308407265
9082414DF1798A,2.03126084514232,41.3497273555081
9082415DF1798A,2.03116648841971,41.3497141307947
9082416DF1798A,2.03107692324969,41.3497163492129
9082417DF1798A,2.03102364568102,41.349705902275
9082418DF1798C,2.03083636275857,41.3498328625611
9082801DF1798A,2.03386361225503,41.3499540671857
9082802DF1798A,2.03389597698171,41.3497943652549
9082803DF1798A,2.03390648678811,41.3497626569221
9082805DF1798A,2.03393458129338,41.3496492178055
9082806DF1798A,2.03394072729677,41.3495811725092
9082807DF1798A,2.03382941349945,41.3494535922077
9082808DF1798A,2.0339808009516,41.349449818887
9082809DF1798A,2.03401341051255,41.3492977753602
9082810DF1798A,2.03384047119683,41.3493363169867
9082811DF1798A,2.03373596058426,41.349322648831
9082813DF1798A,2.03356835689216,41.3492428759627
9082814DF1798A,2.0334409652538,41.3492245116218
9082815DF1798A,2.03338201200916,41.3492098746434
9082816DF1798A,2.03332342229147,41.3492029871604
9082817DF1798A,2.0331966999544,41.3491878708807
9082818DF1798A,2.03317780414345,41.3492612135411
9082819DF1798A,2.03315880568169,41.3493414911296
9082820DF1798A,2.03314267207453,41.3494139562362
9082821DF1798A,2.03313463650584,41.3494884710324
9082822DF1798A,2.0331108735024,41.3495595209038
9082823DF1798A,2.03306916170175,41.3497206753588
9082824DF1798A,2.03304325660182,41.34983953717
9082825DF1798A,2.03316121780438,41.349857102121
9082826DF1798A,2.0332126048378,41.3498660909836
9082827DF1798A,2.03328932505049,41.3498756529344
9082828DF1798A,2.03346101632759,41.3498973620017
9082829DF1798A,2.03351837550337,41.3499066711126
9082830DF1798A,2.03356929120279,41.3499152054813
9082831DF1798A,2.0336245336577,41.3499221548068
9082832DF1798A,2.03368839364606,41.3499283657893
9082833DF1798A,2.0337506572534,41.3499374457405
9083901DF1798C,2.03104544499918,41.3507912221436
9083902DF1798C,2.03087605076641,41.3507112501453
9083904DF1798C,2.03092180181366,41.350503831875
9178601DF1797G,2.03360753601925,41.3467794660588
9178603DF1797G,2.03383205526698,41.3466473191918
9178604DF1797G,2.0338697764522,41.3466264681793
9178605DF1797G,2.03394805444298,41.3465708282492
9178606DF1797G,2.03398533476276,41.3465474513891
9178609DF1797G,2.03422913149415,41.3460974997325
9178610DF1797G,2.03456193698319,41.3461274048336
9178611DF1797G,2.03413552410841,41.3460904989419
9178612DF1797G,2.03405211672545,41.3460807913557
9178613DF1797G,2.03399108086899,41.3460778469974
9178614DF1797G,2.03360842552645,41.3460403156219
9178615DF1797G,2.03348117523762,41.3460289783919
9178617DF1797G,2.03330641831408,41.3460131885842
9178619DF1797G,2.03312160589941,41.3460065017099
9178620DF1797G,2.0330698073959,41.3460012925139
9178621DF1797G,2.03301170930165,41.3459936884039
9178622DF1797G,2.03295616856647,41.3459909698207
9178623DF1797G,2.03290196381534,41.3459868212329
9178624DF1797G,2.03284339036451,41.3459790328926
9178625DF1797G,2.03278784565161,41.3459765844207
9178626DF1797G,2.03267258304207,41.3459629150142
9178628DF1797G,2.03255662825376,41.34595563502
9178630DF1797G,2.03243390253145,41.3459455056473
9178631DF1797G,2.03238006973249,41.345940459188
9178634DF1797G,2.03219423322413,41.3459222325753
9178639DF1797G,2.03113136706837,41.3465360698474
9178642DF1797G,2.03238921131128,41.3466954571115
9178643DF1797G,2.03266837026902,41.346715909088
9178644DF1797G,2.03279455809255,41.3467264276116
9178645DF1797G,2.0328409847254,41.346723124709
9178646DF1797G,2.03290706165803,41.3467327776131
9178649DF1797G,2.03319047555255,41.3467565067906
9178651DF1797G,2.03194855661218,41.3461512093861
9179602DF1797G,2.03347794666693,41.347338375836
9179603DF1797G,2.03350367165926,41.3472558126999
9179607DF1797G,2.03356477453209,41.3469956479647
9179608DF1797G,2.03357147620268,41.3469466132106
9179611DF1797G,2.03324627978929,41.346870740687
9179613DF1797G,2.03313013891739,41.3468597666175
9179614DF1797G,2.0330636579669,41.3468531730066
9179615DF1797G,2.03290030862798,41.3469871835579
9179616DF1797G,2.03286810190367,41.3468372978452
9179617DF1797G,2.0328119735447,41.3468338536504
9179618DF1797G,2.03273829505937,41.3468290008664
9179619DF1797G,2.03262970736606,41.3468245751973
9179620DF1797G,2.03251601966925,41.346809387591
9179621DF1797G,2.03245606552481,41.3468060011347
9179622DF1797G,2.03233140290428,41.3470799528207
9179623DF1797G,2.03228289578315,41.3473448166424
9179624DF1797G,2.03244371205522,41.3473658953197
9179625DF1797G,2.03250073297867,41.3473736708124
9179628DF1797G,2.03278178357119,41.3474118832523
9179629DF1797G,2.03288852524501,41.3473391888249
9179630DF1797G,2.03298624660405,41.3473025386895
9180701DF1798A,2.03328648552527,41.3481283492132
9180702DF1798A,2.0333105665928,41.3480276671933
9180703DF1798A,2.03333014721286,41.3479241550296
9180704DF1798A,2.03334695088983,41.3478225111158
9180706DF1798A,2.03329765280757,41.3476239314008
9180707DF1798A,2.03323334102284,41.3476160950543
9180708DF1798A,2.03316909414032,41.3476119523036
9180709DF1798A,2.03311776218125,41.3475993608741
9180710DF1798A,2.03304876262802,41.3475932865445
9180711DF1798A,2.03299094880329,41.3475825321763
9180712DF1798A,2.03293789035433,41.3475735291703
9180713DF1798A,2.03282953155762,41.3475616293627
9181803DF1798A,2.03319146093713,41.3485239721963
9181804DF1798A,2.03320828737916,41.3484531342466
9181805DF1798A,2.03321775586586,41.3484271820387
9181806DF1798A,2.03311075101711,41.3483721478153
9181807DF1798A,2.03302632344351,41.3483665743732
9181808DF1798A,2.03286196827776,41.3483421339814
9181809DF1798A,2.03270575955543,41.3483326242483
9181810DF1798A,2.03264705565269,41.3483173584623
9181811DF1798A,2.03250194187203,41.348293169371
9181812DF1798A,2.03242008301955,41.348283653768
9181813DF1798A,2.03234124682244,41.3482718215661
9181820DF1798A,2.03200772057345,41.3487579451409
9181821DF1798A,2.03200501980255,41.3488111569008
9181822DF1798A,2.03199202302228,41.3488654530332
9181823DF1798A,2.03226410054765,41.3489126888661
9181824DF1798A,2.03240021863482,41.3489551779748
9181828DF1798A,2.0327969464423,41.349004091072
9181829DF1798A,2.03285087465686,41.349010939647
9182404DF1798C,2.03271949978469,41.3502872826332
9182405DF1798C,2.0327893137505,41.3501254637647
9182406DF1798C,2.03281938178137,41.3500242016771
9182408DF1798C,2.03180267741622,41.3498015435195
9182409DF1798C,2.03180082298752,41.3498460250868
9182410DF1798C,2.03179448889033,41.3498943422001
9182411DF1798C,2.03177048690505,41.3499975466354
9182412DF1798C,2.0317456874787,41.3500900254011
9182413DF1798C,2.03173696170468,41.3501545359285
9182801DF1798A,2.03290439167921,41.3496674975353
9182802DF1798A,2.03295010087913,41.3494866502511
9182803DF1798A,2.03283323839091,41.3493545185991
9182807DF1798A,2.03194365561162,41.3491045562781
9182808DF1798A,2.031928058282,41.3491810791115
9182809DF1798A,2.03192377353745,41.349228242499
9182810DF1798A,2.03190259190439,41.3493428201813
9182811DF1798A,2.031868709202,41.3494755762831
9182812DF1798A,2.03185612619874,41.3495341994862
9182813DF1798A,2.03184862251228,41.3495969188049
9182814DF1798A,2.03183414790898,41.3496621916586
9265415DF1796E,2.03344288516987,41.334828862958
9278301DF1797G,2.03479819259005,41.3459853561543
9278302DF1797G,2.03472850745176,41.3460015256856
9278303DF1797G,2.03455251786912,41.3459882495395
9278304DF1797G,2.03441405313133,41.3459754681303
9278305DF1797G,2.03427949781327,41.3459650613189
9278306DF1797G,2.03419528221653,41.3455894611407
9278312DF1797G,2.03313763033134,41.3458686409733
9278318DF1797G,2.03268786066502,41.3458271197963
9278319DF1797G,2.03262469786909,41.3458225354805
9278320DF1797G,2.03248817545609,41.3458077864254
9278321DF1797G,2.03343572747102,41.3458933936547
9278322DF1797G,2.03353876277149,41.3459013749433
9278323DF1797G,2.03364552567098,41.3459078561605
9278324DF1797G,2.03414068262832,41.3459517361882
9279604DF1797G,2.03492918242495,41.3469980904261
9279605DF1797G,2.03484162907628,41.3469938432355
9279606DF1797G,2.03477810377213,41.3469894372098
9279607DF1797G,2.03467414637805,41.3469790172603
9279608DF1797G,2.03455925851815,41.3469721986067
9279609DF1797G,2.0344968275288,41.3469665405521
9279610DF1797G,2.03443725827934,41.3469613568509
9279611DF1797G,2.03437536234553,41.3469599367586
9279615DF1797G,2.03410844825865,41.3469358085315
9279616DF1797G,2.03405246720951,41.3469304745968
9279617DF1797G,2.03399858952864,41.3469284010012
9279618DF1797G,2.0339368464402,41.3469247300737
9279620DF1797G,2.03381282795254,41.3469129699609
9279621DF1797G,2.0337526865348,41.3469060696713
9279624DF1797G,2.03365801084234,41.3473592541699
9279631DF1797G,2.03434263348485,41.3476298222782
9279632DF1797G,2.03440297740837,41.3476392460675
9279633DF1797G,2.03445484760708,41.3476477880524
9279634DF1797G,2.03451726859724,41.347654166649
9279635DF1797G,2.03463200730893,41.3476711626027
9280608DF1798A,2.03439581273232,41.3477762805311
9280609DF1798A,2.0343051099382,41.3477666920627
9280610DF1798A,2.03423287113665,41.3477614019382
9280611DF1798A,2.03416273307828,41.3477595522599
9280612DF1798A,2.03409929523144,41.3477410948486
9280613DF1798A,2.03405186978012,41.3477310587314
9280614DF1798A,2.03398430952338,41.3477246367423
9280615DF1798A,2.03392436274898,41.3477126038843
9280617DF1798A,2.03380838706001,41.3477146027241
9280618DF1798A,2.0337483893927,41.347714098983
9280619DF1798A,2.03357116873615,41.3476625289983
9280620DF1798A,2.03351509148677,41.3478657182629
9280621DF1798A,2.03350352468085,41.3479284936637
9280622DF1798A,2.03349117983681,41.347987299216
9280623DF1798A,2.03348677619643,41.3480183382016
9280624DF1798A,2.03346638121773,41.3481041887978
9280625DF1798A,2.03345891767336,41.348140066147
9280626DF1798A,2.03341590936165,41.3482920222042
9281910DF1798A,2.03338533495927,41.3484114754326
9281911DF1798A,2.03336793244264,41.3484808673661
9281912DF1798A,2.03334170660517,41.3485810809981
9281913DF1798A,2.03332452265949,41.3486599326615
9281914DF1798A,2.03352471272174,41.3487265583474
9281915DF1798A,2.03328377057954,41.3488532521515
9282301DF1798C,2.03313009482357,41.3506275243855
9282302DF1798C,2.03350074159532,41.3506463109614
9282303DF1798C,2.03371242295534,41.3505506271741
9282304DF1798C,2.03377990228713,41.3502716902909
9282305DF1798C,2.03382997688009,41.3500703421672
9282306DF1798C,2.0337672683422,41.350059006642
9282307DF1798C,2.0337109673753,41.3500508775187
9282308DF1798C,2.03365833562869,41.3500452112104
9282309DF1798C,2.03359258849319,41.3500372729338
9282310DF1798C,2.03349930650897,41.3500240591572
9282311DF1798C,2.03341599109302,41.3500158831556
9282312DF1798C,2.03335778719325,41.3500071073497
9282313DF1798C,2.03330302411562,41.3500000718477
9282314DF1798C,2.03324378186263,41.349988765155
9282315DF1798C,2.03318011293305,41.3499857982397
9282316DF1798C,2.03312854099038,41.3499812214959
9282317DF1798C,2.03301546485944,41.3499727951587
9282318DF1798C,2.03299911630335,41.3500355303044
9282319DF1798C,2.03297719198215,41.3501115497292
9282320DF1798C,2.03296616807999,41.3501860393929
9282321DF1798C,2.03294449202386,41.3502372001298
9282323DF1798C,2.03291416905227,41.3503880014844
9283701DF1798C,2.03386952180857,41.3506215743347
9283702DF1798C,2.03446613864561,41.3504594019361
9283703DF1798C,2.03436229199814,41.3501418260491
9283704DF1798C,2.03405152106075,41.3500997649859
9366406DF1796E,2.03568779941411,41.3360802876483
9366425DF1796E,2.03554381670946,41.3365239638267
9378501DF1797G,2.03638174576195,41.3470126043864
9378504DF1797G,2.03592919308879,41.3469808006927
9378508DF1797G,2.03535085854454,41.3461983342752
9378509DF1797G,2.03508078808594,41.3461695880092
9378510DF1797G,2.0349086576953,41.3463563119444
9378511DF1797G,2.03487014007723,41.3466091905993
9378512DF1797G,2.03497961632592,41.3469015022593
9378513DF1797G,2.03530678125932,41.3469251427181
9378514DF1797G,2.03553805357724,41.3469426641983
9378515DF1797G,2.03563878945204,41.3469526960707
9381203DF1798A,2.03471700359041,41.3485930754267
9381205DF1798A,2.0345280435922,41.3485672600493
9381206DF1798A,2.03437917552358,41.3485462845364
9381207DF1798A,2.03435387512417,41.3486163309522
9381210DF1798A,2.03456537366483,41.3492444888379
9382101DF1798C,2.03458998385151,41.3499493540083
9382102DF1798A,2.03461855071209,41.3498119586715
9382103DF1798A,2.03465254378528,41.3496713661328
9382104DF1798A,2.03468891669584,41.3495234073719
9382105DF1798A,2.03460875444893,41.3493746512084
9382106DF1798A,2.03436800828162,41.3493424561609
9382107DF1798A,2.03416681366279,41.3494406612306
9382108DF1798A,2.03412717158583,41.3495832779475
9382109DF1798A,2.03412867360729,41.3496191405045
9382110DF1798A,2.03412848757412,41.349696423509
9382111DF1798A,2.03409035937575,41.3497608675962
9382112DF1798A,2.03417815256542,41.3498461851031
9382113DF1798A,2.03406058573317,41.3498585294867
9382114DF1798A,2.03409111748583,41.3499845308005
9382115DF1798A,2.03417518602643,41.3499902806024
9479301DF1798A,2.03592431974437,41.3478135059436
9479302DF1797G,2.03601618867046,41.347638718791
9479303DF1797G,2.03606034214289,41.3474329963719
9479309DF1797G,2.03542410025939,41.3470425934669
9479310DF1797G,2.03533184021331,41.3470575833121
9479311DF1797G,2.0352047420959,41.3471653287991
9479314DF1797G,2.03502103089271,41.3473509649476
9479315DF1797G,2.0350000990825,41.3474328480167
9479316DF1797G,2.03498177850935,41.3474916937039
9479317DF1797G,2.03496325024251,41.3475726961662
9479318DF1798A,2.03495910063128,41.3476189600657
9479319DF1798A,2.03495088742817,41.3476651898881
9479320DF1798A,2.03493223763658,41.3477139443722
9479321DF1798A,2.03524037986244,41.3477147265292
9479322DF1798A,2.03535888892989,41.3477354464532
9479323DF1798A,2.03552769097551,41.3477582091172
9479501DF1798B,2.03711705982685,41.34795635283
9479502DF1797H,2.03688713720134,41.3476361027643
9479503DF1797H,2.03677825887996,41.3474890893867
9479504DF1797G,2.03625506975065,41.3473755378859
9479505DF1797G,2.03622525653026,41.3475167064212
9479506DF1797G,2.03619278587219,41.3476678510461
9479507DF1798A,2.03617836258473,41.3477218654983
9479508DF1798A,2.03661374763477,41.3479131379158
9481105DF1798A,2.03499706866845,41.3478566268226
9481106DF1798A,2.03490080268429,41.3478514058624
9481109DF1798A,2.03462872731386,41.3478122830558
9481111DF1798A,2.03451088981049,41.3479888328773
9481112DF1798A,2.03448141027469,41.3481152313902
9481114DF1798A,2.03472212903283,41.3484645810067
9870604DF1797B,2.04131890012943,41.3393409549203
9870605DF1797B,2.04134855070236,41.3392994969849
9870606DF1797B,2.04097814147492,41.3389591684816
9870607DF1797B,2.04100716345548,41.3389279739934
9870608DF1797B,2.04092147330904,41.3390255322198
9870612DF1797B,2.0409666642682,41.3393504506061
9870613DF1797B,2.04088987159534,41.3391918183395
9871901DF1797B,2.04096692044142,41.3404979235604
9871902DF1797B,2.04105189532731,41.3404166630196
9871903DF1797B,2.04114772180656,41.3403289173216
9871904DF1797B,2.04125178657398,41.3402335837629
9871909DF1797B,2.04141168855503,41.3398351610324
9871910DF1797B,2.04131646660941,41.3397758188258
9871916DF1797B,2.04059199202268,41.3393332759981
9871917DF1797B,2.04058520211407,41.3393805990705
9871918DF1797B,2.04056019707346,41.3394230863659
9871923DF1797B,2.04032000230047,41.3396079901794
9871924DF1797B,2.04025362143534,41.3396764343952
9871929DF1797B,2.04005583852318,41.3399193395979
9871930DF1797B,2.04009274660194,41.3399453189433
9871932DF1797B,2.04027222630718,41.3400617520522
9871933DF1797B,2.0403394069791,41.34010167523
9871935DF1797B,2.04070016475043,41.3403261783723
9871936DF1797B,2.04079834808963,41.3403873472748
9969402DF1797B,2.0425678510194,41.3390308637001
9969403DF1797B,2.04260803078201,41.3389966990661
9969404DF1797B,2.042681569885,41.3389207466836
9969409DF2706G,2.04310734643434,41.3385247129462
9969410DF2706G,2.04318068800389,41.3384621798361
9969411DF2706G,2.04302274405747,41.3382951277528
9969412DF2706G,2.04290013321619,41.3382208767932
9969413DF1796H,2.04281160950118,41.3381612312133
9969416DF1796H,2.04212779863995,41.3379700764572
9969417DF1796H,2.0420604083504,41.3380097792711
9969418DF1796H,2.04201043521126,41.3380435018978
9969419DF1796H,2.0419718805088,41.3380728157825
9969420DF1796H,2.04193506608843,41.3380975502932
9969423DF1796H,2.04167861484838,41.338283222428
9969424DF1796H,2.04161922256707,41.3383235320319
9969427DF1796H,2.04185197884878,41.3386210977022
9969430DF1797B,2.04207432294899,41.3387648174432
9969432DF1797B,2.04222839172578,41.3388373494215
9970901DF1797B,2.04171393968377,41.3398194829642
9970902DF1797B,2.04201763290537,41.3395341302656
9970903DF1797B,2.04197181981188,41.3394143989537
9970905DF1797B,2.04206770993128,41.339281345053
9970906DF1797B,2.04221802899492,41.3393406948166
9970909DF1797B,2.04200849254746,41.3389019047574
9970911DF1797B,2.04152255950994,41.3388435432552
9970912DF1797B,2.04151824166592,41.3387956772347
9970914DF1797B,2.04151373253577,41.3385815303498
9970915DF1797B,2.04153615420003,41.3389352631999
9970916DF1797B,2.04154978722078,41.3390243712731
9970917DF1797B,2.04159093936535,41.3390869561153
9970918DF1797B,2.04156758896004,41.3391552189882
9970919DF1797B,2.0415712466283,41.3391992062625
9970920DF1797B,2.04159198714781,41.3393660185425
9970921DF1797B,2.04159437124975,41.3394235065235
9970924DF1797B,2.04166635892995,41.3397877405123
9971601DF2707A,2.04276509602604,41.3402848232263
9971604DF2707A,2.04300017914369,41.3400814063497
9971606DF2707A,2.04307835415,41.3400154005769
9971607DF2707A,2.04311548122878,41.3399775172968
9971608DF2707A,2.0431320515153,41.3399314463748
9971609DF2707A,2.04318805166392,41.3399024573047
9971610DF2707A,2.04322559730638,41.3398686308624
9971611DF2707A,2.04330309793112,41.3397343421479
9971617DF1797B,2.04234177771145,41.3394434197985
9971618DF1797B,2.04228041936877,41.3394955132559
9971620DF1797B,2.04215873700324,41.3396025010173
9971621DF1797B,2.04213453437134,41.3396392305063
9971622DF1797B,2.0418423087656,41.33990053877
9971623DF1797B,2.04198856012044,41.3399847157814
9971625DF1797B,2.04217135310565,41.3400954987649
9971626DF1797B,2.04222035781701,41.3401279734616
9971627DF1797B,2.04226899672612,41.3401527886821
9971629DF1797B,2.04237198803405,41.3402284984013
9971630DF1797B,2.04245142707975,41.3402802321553
9971631DF1797B,2.04249226544716,41.3403072342633
9972504DF2707C,2.04300754207958,41.3412601945098
9972505DF2707C,2.04308290443354,41.3411904722698
9972506DF2707C,2.04314190661061,41.3411361069264
9972507DF2707C,2.04320070085531,41.341087774876
9972510DF1797B,2.04278658406344,41.3407517727834
9972511DF1797B,2.04236540448898,41.3408981543554
9972512DF1797D,2.04225776828825,41.3409925584362
9972513DF1797D,2.04218316456052,41.3410594040372
9972515DF1797D,2.04208566634545,41.3412041544061
9972517DF2707C,2.04304787595989,41.3412155822719
